,A,B,C,D
2000-01-01,-1.0347801475589293,-0.5833980958491657,0.7121932978083514,1.2859792942730155
2000-01-02,-1.7153305946987598,0.5714509452818158,1.4326728028947469,0.4606926001916506
2000-01-03,-2.382467294633752,-0.04539968447624154,-0.36357831231833293,0.6950134314306953
2000-01-04,-2.7829388968440973,0.8195315338971033,1.0811714406472466,2.245274538601498
2000-01-05,-4.154528587206717,0.747231871626739,1.4212749350029665,2.0633730960987564
2000-01-06,-2.962224143279638,-0.7227428965737162,1.6741857477195126,2.120931955131996
2000-01-07,-2.5280866082269666,-2.227681531282604,-1.4857118135158327,0.4252951933586775
2000-01-08,-5.038648234712094,-0.4070244971744945,-0.38028529738091166,1.9399204435771693
2000-01-09,-5.635726083996726,-1.8339695495053514,-0.1894709671140963,2.412272279852595
2000-01-10,-2.16598333398159,-2.0129253896077643,-2.2170059942894813,3.0908778513505384
2000-01-11,-1.7488662080587178,-3.4320112261025733,-0.6275600404025272,2.2684965243088064
2000-01-12,-1.9141480453381323,-3.4320597436483964,-1.8583857206744685,0.8910011413889016
2000-01-13,-1.3024516348954744,-2.0239706221639193,-2.634281131317758,2.88110847424273
2000-01-14,-1.1634195412130302,-3.534901210819549,-3.2287175634994782,3.035755633289556
2000-01-15,-1.5189606002716445,-2.850190032943652,-3.6071629433087953,2.3045792920635537
2000-01-16,-1.7127490457958086,-2.2871310066276,-2.260531048855456,3.825087935035046
2000-01-17,0.27691424012871346,-3.315267347554589,-0.8452771797098471,4.027351905690133
2000-01-18,0.1561254874701058,-3.0801306778973263,-1.492304216839421,5.206868375484423
2000-01-19,1.2323410177660343,-6.083391149958448,-2.119625024552674,5.1209605359519985
2000-01-20,2.2273429770007867,-4.818863155535296,-2.482139422384767,6.25004411469165
2000-01-21,2.638347453136737,-5.875556990383366,-2.394139478307651,5.148090101066876
2000-01-22,2.864604469199106,-5.6388000316073965,-2.2478947298813887,5.241304773005638
2000-01-23,5.026510293680166,-4.5994916516735875,-1.9452072642372784,5.526227325631899
2000-01-24,5.42472844060674,-5.515238302782944,-1.623751601422427,5.581839580539197
2000-01-25,4.982957288306153,-5.95391165929278,-2.666908630069331,4.173654886141204
2000-01-26,3.1422483163399546,-6.3906667528093495,-1.5357725350107596,3.0770748950501456
2000-01-27,3.3553564277304697,-4.980069712544953,-1.9426585059232104,2.5893261405861225
2000-01-28,1.922562705456757,-2.7839318414346255,-2.5217297491313904,3.5895475788578617
2000-01-29,3.0498209394723794,-2.197193397101218,0.23431154065890114,3.1223151243218625
2000-01-30,3.367217185753139,-1.8645412134152084,0.07191419001401272,2.336596345199072
2000-01-31,3.620603686438371,-2.7201731348919287,2.5908419532608193,1.6319364943046177
2000-02-01,2.6221987675925087,-2.9188659333384974,2.8052430930467103,3.457570299772668
2000-02-02,2.6005905049929336,-0.1285177930781427,3.063969485740243,3.4424210481833355
2000-02-03,-0.3273248414236849,0.1358541622810862,2.9094954676475933,2.1194301506040913
2000-02-04,-2.818644740269617,0.38546534581505126,0.37886014104083054,3.530655498992876
2000-02-05,-2.5309023497754417,-0.2397441553580109,0.5121692930043849,5.064030174818797
2000-02-06,-1.7160499062698524,0.25598967452382276,-0.8378314031893634,4.948341074912583
2000-02-07,-0.9668085484101311,-0.790865317041479,-3.357836497265592,5.2411880742063
2000-02-08,-0.29142499659020604,-0.7779947007739795,-4.395667586334598,3.3988432366544172
2000-02-09,-0.7977127447299264,-2.1227437013746053,-4.255696818749946,1.2474574433204633
2000-02-10,0.16158667579190666,-0.4655236711190709,-4.331255966913667,-0.1192011442806249
2000-02-11,-0.08129889803536142,-0.531055561415747,-4.359068400641245,-0.1967445448085835
2000-02-12,-0.6208815084344755,-1.2473344994658306,-3.028761151712839,0.4461946245384496
2000-02-13,0.1627202126070889,-1.9676629651004818,-4.357609190952657,-0.07500432368043441
2000-02-14,0.0800090240794326,-1.4518811833094343,-2.880826697188076,-0.9157861338724763
2000-02-15,-0.40043648928849895,-1.6834990056738082,-4.181682356900647,-1.936825150753041
2000-02-16,-1.6030402837354578,-1.9466937212589501,-2.952812966159029,-3.007792455079399
2000-02-17,-0.561472375863846,-0.31297441999443754,-2.9079104097499,-3.193817049623951
2000-02-18,-1.815657569730181,-1.6354617670807317,-2.637645463765272,-3.0378215054957223
2000-02-19,-1.1076772251485347,-1.7876449842131834,-4.11913352046487,-1.7510878774760412
2000-02-20,-2.6094656561423673,-0.6825807492963003,-3.5859319741391067,-1.3245022367706736
2000-02-21,-3.7023341771670326,-1.0747352302583086,-3.943618278506185,-2.904150421955019
2000-02-22,-4.873960690787733,-0.7569841863901792,-3.8871277832503637,-1.9585469978315788
2000-02-23,-7.115105548697844,1.4081688361190652,-3.9127590944058204,-2.7597477697481185
2000-02-24,-5.260719259313641,1.3058317906475672,-2.9341606631589987,-2.937675684123688
2000-02-25,-3.4302343224730394,2.120278894655024,-2.5739289905916394,-3.4389461067906706
2000-02-26,-3.4852714440225854,0.41206562604356645,-1.713278439764573,-3.1648299345152315
2000-02-27,-2.4854168219338493,0.8908884063237678,-0.6025975463622222,-4.23831253503505
2000-02-28,-3.0318405334983916,0.9824113977629082,-0.6277797464837596,-5.71715716086409
2000-02-29,-2.1847638140421703,0.37402138053058986,-0.5886313735942276,-3.7536446929115237
2000-03-01,-2.024652862716856,2.205497098145776,-0.5941649357448188,-3.6152631948896987
2000-03-02,-2.263402625166587,2.383888450818948,-0.29035097002585897,-3.8405650970626706
2000-03-03,-2.419812572420968,3.3676374412850105,-0.6836442394942411,-3.449373490563883
2000-03-04,-2.852604135801827,4.215644010923291,-1.4386582871540319,-4.4927731675016975
2000-03-05,-2.358456748159673,3.995731414500282,-1.698496685409013,-5.77004314605266
2000-03-06,-0.9954864098154974,4.623613241385286,-3.3566077130478575,-5.562346087245724
2000-03-07,-1.8411140262623258,2.4023115233327337,-2.180368570933817,-6.209973794198453
2000-03-08,-2.5362401337297635,1.3947677657817832,-3.2751348157000955,-4.684460264069989
2000-03-09,-1.972496602580843,1.4677164333452632,-4.7939938580205865,-5.03565356230569
2000-03-10,-2.9985305772193005,-0.1608160261506475,-3.480359189605715,-5.094760911741171
2000-03-11,-2.7978895787810774,0.813806691124713,-3.5645583219872106,-5.6956875496904775
2000-03-12,-1.4833571247821788,1.0838774480951243,-3.085664374927579,-5.007866547201111
2000-03-13,-3.253639811792869,0.6795504295337831,-3.654941861556324,-4.761741625260275
2000-03-14,-2.5042712328011296,1.3581884231122028,-4.379455902874586,-3.747659618353326
2000-03-15,-0.6969937475661518,2.6160824791080888,-3.6078549587011124,-2.835752184964524
2000-03-16,-1.3303550227975625,2.0717352572795824,-3.9161526050382633,-3.9441770575075443
2000-03-17,-2.344785753120943,3.1501179522332503,-2.273892756141904,-4.488023136147826
2000-03-18,-4.373691511041104,2.180736228309128,-3.1337626267599266,-2.438784310546638
2000-03-19,-3.7106386908840445,2.4620062347933613,-4.610883851120213,-3.3356110506874703
2000-03-20,-3.520748477711967,2.3725895925111025,-4.662794506862686,-2.223173786149877
2000-03-21,-5.495666441628927,1.5809947417328643,-6.746033817647926,-2.789447937679643
2000-03-22,-5.446022646189115,0.8514899616474864,-6.553370720132624,-2.606063624548594
2000-03-23,-6.38225986584927,-0.6474167053803855,-7.037004934345675,-3.3406031839958876
2000-03-24,-7.773759349321984,-1.2290844835439159,-7.731543634244327,-2.4674043250025264
2000-03-25,-6.479230317310097,-1.8143300865318515,-7.787935934904208,-4.078708454029717
2000-03-26,-6.9298268606238755,-2.037965623036015,-7.947006875192943,-5.28066734318383
2000-03-27,-7.3834769556797,-1.4214870224367724,-6.643110327110101,-4.374333399443516
2000-03-28,-7.641876824704113,-2.071454353376436,-5.513837488516084,-4.980076732233666
2000-03-29,-8.948791946879437,-2.8512894317961854,-6.2502080521310495,-5.671138549075575
2000-03-30,-10.017665101935602,-4.089468784281806,-5.242748878209267,-6.263258572928366
2000-03-31,-9.468086471551763,-4.736412378819252,-4.415255483673463,-7.134784256638754
2000-04-01,-9.312667642861292,-4.013960034123895,-3.8925713413234524,-6.274204031744183
2000-04-02,-9.047202374145604,-5.495844289380078,-3.82253197209748,-5.605236994249541
2000-04-03,-8.393100732986547,-6.662582924727332,-2.987985550425665,-5.0185512591534875
2000-04-04,-8.670851973253553,-6.224029180224568,-3.6075445693921653,-6.847045152666673
2000-04-05,-9.290599503851812,-5.723866201015638,-4.38865421457912,-6.754493335845784
2000-04-06,-11.66820004245732,-4.969943877008216,-6.370467553414674,-5.559506898991857
2000-04-07,-11.857905615765135,-6.413568410166379,-7.394100824690953,-6.004837857521633
2000-04-08,-10.78678144645736,-6.048134680874977,-7.384949936921501,-8.185735807122196
2000-04-09,-10.58030497494871,-6.382402427603812,-7.0248305026726205,-8.367099660371634
2000-04-10,-9.545180778541468,-6.4323141375761175,-6.428385858457415,-9.007351627143425
2000-04-11,-10.241407640040675,-7.422131272340951,-6.363127330304831,-9.130679380581103
2000-04-12,-12.067952153787841,-6.930256651119753,-6.523391644034026,-10.920185845221063
2000-04-13,-12.823136804232679,-5.901131889932223,-7.587466081585868,-10.938076590060144
2000-04-14,-11.909921522954885,-5.996437001281644,-10.050814681839007,-10.446453620831512
2000-04-15,-13.109987248982412,-5.425697025181738,-11.509332360375058,-10.440175378889851
2000-04-16,-13.935669555846937,-5.733034596875826,-11.83914874074824,-9.49838966403282
2000-04-17,-15.094906945599087,-6.38833569790693,-11.18301380131815,-7.722351333288609
2000-04-18,-13.938008621155095,-6.50301240873146,-10.13925448681184,-7.895524751614726
2000-04-19,-14.792617304219668,-6.3759180659343695,-10.941239575172435,-9.225337165646659
2000-04-20,-15.432619891632655,-5.83977451859357,-10.506743806259003,-9.327697829107665
2000-04-21,-16.36203560072569,-4.928717500758968,-11.878021239400141,-8.99141554349347
2000-04-22,-19.218958963613463,-5.810774480899116,-12.529428112982236,-10.082913949356081
2000-04-23,-19.076352992458098,-5.145216420989042,-13.347151869229075,-9.560801907034996
2000-04-24,-19.449217895927262,-6.642954858348029,-12.108446270105985,-10.242248800034844
2000-04-25,-18.747182128103283,-8.01087430395392,-11.467572568924064,-10.211561159076084
2000-04-26,-17.863030929758462,-6.619281107532931,-10.882051047138441,-10.365663868386292
2000-04-27,-17.045190780622132,-7.518807156950956,-13.424909425524302,-11.733277795720664
2000-04-28,-17.359232982984416,-6.49038112567024,-13.610775877261657,-10.812958769827778
2000-04-29,-16.48139070978479,-7.384474200990283,-13.98992835228199,-11.580847631482394
2000-04-30,-17.054695653859838,-6.5414255740158636,-13.387596076191606,-11.909686511037073
2000-05-01,-16.75679570109948,-6.174837506600882,-14.562159618519061,-10.481917520567873
2000-05-02,-17.911161691279013,-6.410932231327381,-15.270592427298732,-9.426498625136421
2000-05-03,-19.709792018035056,-5.602245335155828,-14.47279555880974,-10.1461602685841
2000-05-04,-19.513104135781905,-5.545308425486461,-12.835978788394302,-10.517710101573106
2000-05-05,-20.797617342272975,-5.673463190037188,-11.942450496284264,-10.020453259557325
2000-05-06,-19.661361878173413,-6.8280326085370024,-11.25098076500232,-11.225976036471785
2000-05-07,-19.264920906999134,-7.193870147362686,-10.37589088385886,-12.420196276882791
2000-05-08,-19.761626275329117,-6.023072149682994,-10.581897309934785,-14.535447656856254
2000-05-09,-20.332121764706514,-6.779504228727128,-10.732803461602785,-14.304216176264907
2000-05-10,-19.723983057642158,-6.190453337866263,-11.702484922436359,-15.754128796046901
2000-05-11,-21.525062340373896,-6.9511539830149855,-12.678314759103683,-15.649780266645308
2000-05-12,-23.20900841575955,-7.223768533354238,-11.695897688377496,-14.969132934135647
2000-05-13,-23.301467865627323,-7.218957805023635,-12.70808842563035,-13.828489772886055
2000-05-14,-23.491600718916484,-8.03092785684078,-11.570279351584077,-14.057004164732128
2000-05-15,-22.063687092647452,-8.562611022004239,-11.86691026879646,-14.5690433810911
2000-05-16,-22.00041629748667,-7.723598523355392,-13.704171254032518,-15.291437568333144
2000-05-17,-22.531121281555606,-6.654537347528419,-13.840935558661535,-16.25273396143713
2000-05-18,-21.8220365786581,-6.731313463013296,-14.655405604522098,-15.577808649223075
2000-05-19,-22.10838324194017,-6.912798929323226,-13.966961606864539,-14.142382583041265
2000-05-20,-20.10805235366708,-6.554535513640627,-13.418043991883547,-14.505093527555708
2000-05-21,-18.37198206992533,-6.288295491221232,-13.7852862623281,-16.149936174819334
2000-05-22,-16.964982738988635,-6.072159387284448,-12.997845510879245,-15.62231371646453
2000-05-23,-16.03022389096531,-6.360063845704739,-12.52780438810277,-15.04153012698629
2000-05-24,-16.085567853483308,-7.8740126970769975,-13.006319508151051,-14.7212016504727
2000-05-25,-16.352332878850905,-8.08773787939228,-13.882114044895994,-14.700612733692658
2000-05-26,-17.520925276587374,-6.723891726883197,-14.083143982324117,-15.058522811090633
2000-05-27,-18.950836343781095,-6.726158123423427,-15.580372198965224,-15.698858209206277
2000-05-28,-20.46312351094695,-6.929727511189475,-15.325638649221744,-14.468274616469564
2000-05-29,-21.47825188232712,-8.276638312094832,-15.85173492428332,-13.178571994822224
2000-05-30,-20.433576838338087,-10.21805054493426,-15.732727562688746,-13.445621527541885
2000-05-31,-18.891271914799322,-8.177591496061593,-16.760438746865187,-12.879269698248601
2000-06-01,-18.9293414900164,-8.560656652987245,-15.574837581282608,-13.179948671909845
2000-06-02,-17.119576674908426,-8.777754030861487,-14.961484870085636,-11.400312992480316
2000-06-03,-17.099515221567184,-9.60576842007704,-16.11856414549765,-13.040404198646364
2000-06-04,-18.711136419862118,-9.320951468670316,-16.304628066423753,-13.907635627236298
2000-06-05,-19.816282701539116,-9.861503160491282,-16.163631083324375,-15.769459141479134
2000-06-06,-18.824109460542488,-9.63277929683831,-16.068633742209617,-15.304473457787585
2000-06-07,-20.16209612420976,-9.39789372802964,-18.999963444401715,-14.926218824157335
2000-06-08,-20.797835855389003,-9.93598085308016,-17.999604964345654,-14.355856861127922
2000-06-09,-20.802757582496547,-11.40794766249868,-18.327371183571447,-14.859527231706318
2000-06-10,-21.05374779363268,-10.234253913656401,-18.86236358035722,-15.305889503180396
2000-06-11,-17.894721801166064,-10.953164344795976,-20.147943082352604,-16.43590960480433
2000-06-12,-16.00485341517818,-10.780911358015194,-19.061565613166763,-17.622924313827294
2000-06-13,-15.801014212241695,-10.855405931372141,-18.767070391420994,-17.339190927287063
2000-06-14,-13.69264211470269,-8.471017391798854,-18.506110296432762,-16.834857012587886
2000-06-15,-12.299205666383212,-8.83071825905565,-18.15260402225088,-15.659098455555135
2000-06-16,-13.049378238468787,-7.951271867671391,-18.05345243202277,-16.532371231523584
2000-06-17,-12.8774918338423,-8.45859477792194,-17.866502062436165,-15.432111977362625
2000-06-18,-12.99508300031864,-7.675215213986101,-17.963312486461003,-14.196259278645096
2000-06-19,-13.468846255252991,-7.632026694550616,-17.245521880740903,-14.504122667595498
2000-06-20,-13.122453344678155,-6.929605943869235,-16.920747569333106,-14.701209820570536
2000-06-21,-13.496943070119736,-6.515919124766923,-16.867842404845195,-14.132287477908182
2000-06-22,-12.58492114983434,-6.689840992350592,-15.524412168722085,-12.338413878474533
2000-06-23,-11.673207159803075,-6.5983530856488475,-14.948652576239223,-11.978631524150181
2000-06-24,-10.289051577822466,-6.668041587037768,-15.15816041188833,-13.53076177994284
2000-06-25,-10.275904147612009,-7.340020451047746,-14.532856021652858,-14.211225946485753
2000-06-26,-10.231063872947594,-7.157177080063655,-14.496276106638348,-14.044543505118972
2000-06-27,-9.341118507602475,-7.2892529917749815,-13.509032504808298,-14.474483531584385
2000-06-28,-10.568376378850994,-6.640119990045532,-13.364496100735503,-15.250271622086675
2000-06-29,-9.97450481486831,-6.497138741375779,-12.250192311367712,-16.178451917766864
2000-06-30,-10.936174983336493,-7.893824214528166,-12.701567014837288,-16.321876205746232
2000-07-01,-10.20342534865,-10.617929230177795,-14.300311224411166,-15.882471417932692
2000-07-02,-10.209016999036924,-10.913885536067927,-13.776973107294978,-16.392787102472784
2000-07-03,-8.845695434374926,-10.547537851344117,-14.447971206249806,-18.682206111221287
2000-07-04,-7.610362484819224,-9.475250328508116,-12.937416249473443,-19.279696741506196
2000-07-05,-8.381041753673406,-9.698479656425771,-15.292257521873859,-19.56772978368118
2000-07-06,-6.368569117975872,-8.865778693907803,-13.575545966726091,-21.517240096969704
2000-07-07,-5.178862757486048,-7.168494782512566,-13.782778637847299,-20.78686948252931
2000-07-08,-5.638397709139031,-6.774760040083629,-13.582804920988885,-20.51360569663069
2000-07-09,-5.444296696076239,-6.208080502727938,-13.373551674321929,-19.3065806432497
2000-07-10,-6.823765112607322,-6.2777675674393185,-11.925058575373068,-19.792013583947618
2000-07-11,-7.906642963009684,-5.713229824176026,-11.83052037419016,-19.84785374992373
2000-07-12,-7.2998527853827815,-5.672243029449194,-10.514957262503104,-18.98893388173191
2000-07-13,-5.97030120946398,-6.084205494198935,-10.791455599459505,-20.840527528298555
2000-07-14,-6.693544394084709,-5.494488846117549,-10.24563712384996,-20.93500284384659
2000-07-15,-6.271519814185929,-5.957657717413275,-10.02244481811853,-20.467621674564285
2000-07-16,-6.156113165223683,-5.645786501160224,-8.768245358623307,-20.294739139652552
2000-07-17,-4.9594904704658545,-4.111419995742498,-7.88746251604162,-21.870064727691016
2000-07-18,-5.779556708328339,-2.953825650102729,-7.590535604279424,-22.134610322993396
2000-07-19,-6.527680249173139,-1.9628692515958388,-8.886935642390595,-22.024544147522295
2000-07-20,-5.794375795079036,0.0872194591351878,-9.968778493904157,-21.94091806409647
2000-07-21,-6.384139353698568,-1.0273388884660255,-7.953757704629106,-23.12536502606211
2000-07-22,-6.24527068704831,-1.7746549723228053,-8.692154732875471,-22.526526430468966
2000-07-23,-6.613624991114805,-2.2806815415482684,-9.672466900071187,-22.35212542505661
2000-07-24,-6.468725347552904,-3.269178773392416,-12.424018241705507,-21.83300277452394
2000-07-25,-6.4407421591959855,-1.681943065279689,-13.06408120491843,-23.397742769580688
2000-07-26,-7.24797642317448,-1.930867765447643,-14.136113023210614,-25.01403053646743
2000-07-27,-4.252006984197672,-1.0758138412159497,-15.367701432553474,-25.432145893803206
2000-07-28,-4.283481960437547,1.2873733789525066,-18.49034781729093,-26.50121085297744
2000-07-29,-5.854251775151743,0.883822197793218,-20.855476017602534,-25.598764523130587
2000-07-30,-6.760812079262902,1.9106019326444161,-20.27424167108484,-25.993951422664104
2000-07-31,-5.631005889100301,4.198331509610435,-20.608497836954257,-24.212150868512094
2000-08-01,-5.585396831247199,3.3779166352688446,-18.737738169319,-23.532585532357473
2000-08-02,-5.309020524127456,2.6116329276029555,-18.98795062499237,-23.324941470160226
2000-08-03,-4.606290236316652,1.9165667514776212,-18.473684357995904,-22.064713718545832
2000-08-04,-5.242514119240463,0.20102370218920274,-18.40284724262434,-22.765842710214876
2000-08-05,-3.707676276795368,1.3386295809479483,-19.1790742807842,-23.907090251725183
2000-08-06,-4.036730672041446,2.7668497870907522,-18.98695297215778,-25.888860355510563
2000-08-07,-3.873558008420831,2.490298716859472,-19.422215021148528,-25.096475378694425
2000-08-08,-4.49234985161473,3.0790424754270385,-19.70562042232023,-25.195848883169308
2000-08-09,-4.660699117724913,4.629197906716304,-21.88115935523342,-24.122548836604818
2000-08-10,-5.1783259692600065,6.630692112860443,-22.281982942522944,-25.147131760407945
2000-08-11,-6.064622840234066,8.196633389455673,-22.50859695297637,-25.739859390551846
2000-08-12,-6.215247837517643,7.387764777331545,-21.974529875968944,-25.70997225993706
2000-08-13,-6.780606152480955,5.651870274588072,-21.378675019137937,-26.121576215339942
2000-08-14,-7.244134874909421,8.381435266404946,-20.895761574731,-24.415776476379456
2000-08-15,-6.11208199613675,8.500838617245382,-20.01358623058522,-25.42612199019087
2000-08-16,-7.214365601930888,8.894251933502096,-19.26511536084486,-27.58530451541386
2000-08-17,-7.885761419859848,10.141440223313506,-18.244960649080102,-28.01261572154719
2000-08-18,-7.267967436699539,9.72849047558331,-19.683565326204775,-29.631529487190683
2000-08-19,-7.546785795260338,10.858211739995339,-20.32512932682915,-29.079435525593002
2000-08-20,-7.720833379206472,11.070190351153311,-19.3991357866151,-30.168734389516526
2000-08-21,-7.8613353705841185,11.128682824959732,-19.393239096684237,-29.798436717749617
2000-08-22,-7.250424722722659,10.83978072190639,-17.868823941656807,-30.298176854973224
2000-08-23,-6.608342780638942,10.235834908918651,-18.12619726753928,-28.931277711159304
2000-08-24,-6.415413031018503,9.336563984321742,-18.763752467674795,-28.459481133042566
2000-08-25,-5.51552506684631,10.488607666704818,-20.202848737586265,-29.330827414607434
2000-08-26,-4.951119828734058,11.700053207825373,-21.513624434658997,-27.929209506302104
2000-08-27,-5.515293953369498,12.813250444694987,-22.08886441591312,-26.125719289484586
2000-08-28,-6.098633850626779,13.368975632744018,-21.059757692447818,-25.41489341689802
2000-08-29,-6.723476562337676,12.799982895857822,-21.282633392835546,-25.217044375689266
2000-08-30,-8.839553463771958,14.069569539969942,-20.72988961956592,-24.61303509985708
2000-08-31,-9.896620472647644,13.813831810361073,-21.064025819899783,-24.13216123439551
2000-09-01,-9.292961305688435,14.707378185511159,-20.256745083099993,-23.469579071582938
2000-09-02,-8.649576953444983,16.028045506992637,-21.676711925551594,-24.16681545676347
2000-09-03,-6.912000431811533,15.37876889696371,-23.10922936872259,-26.234350326630995
2000-09-04,-6.548005358915247,15.380215663699742,-24.2403256050439,-25.037874760283856
2000-09-05,-7.066692474169254,14.285964707602995,-24.411316466679494,-24.54559467478986
2000-09-06,-5.438949798652748,14.30143772582846,-25.08376078507238,-24.128991860764913
2000-09-07,-6.195272631464209,13.318459973589876,-23.921802184236636,-22.670591535267246
2000-09-08,-5.645360368820387,13.255913554420234,-24.122265202221367,-22.14675335296352
2000-09-09,-5.790247255652277,14.104773419522873,-24.59067640991229,-22.556123810792112
2000-09-10,-6.153378215070199,13.09740231665971,-24.780704776422827,-22.301975786659256
2000-09-11,-6.701210379718428,11.875728342039144,-25.112345118928054,-21.90781639473496
2000-09-12,-8.580836475393408,12.29693390985567,-25.52634590954949,-20.7272658205535
2000-09-13,-8.147490346851384,13.500302077667985,-26.06494094116912,-21.639535099927283
2000-09-14,-7.740924720464193,12.703938858872638,-26.917828169289013,-21.91314971093177
2000-09-15,-6.909939003260894,13.347047105694955,-27.71811978565253,-21.87253601715249
2000-09-16,-5.399307965378862,13.313145727529667,-28.231384872088487,-23.291147735022424
2000-09-17,-6.596698762816894,12.320365531385464,-27.226315922263478,-23.25880793844896
2000-09-18,-4.543109972695312,13.193659718887563,-25.85375144385084,-23.672125134727615
2000-09-19,-2.993689707389545,12.874664038020775,-24.703759318512255,-21.764219859893633
2000-09-20,-3.146603805771334,14.01480673954855,-25.121789857457742,-21.21218670978471
2000-09-21,-4.600859583070374,12.891263639475754,-25.71862273251723,-19.919116249581176
2000-09-22,-4.7803371077483465,13.322784848538314,-26.17168690352261,-21.427932866133787
2000-09-23,-4.997602383943953,12.641944016061842,-27.02775457790275,-20.58334318166302
2000-09-24,-4.085330363754076,13.697777489382819,-27.62238336919208,-19.32038908243576
2000-09-25,-4.4392243400795,11.827588779882364,-26.55929638202794,-20.043922738598148
2000-09-26,-4.048950637714618,11.395264747112662,-28.244762014254423,-18.040403513917973
2000-09-27,-4.1554321761125115,11.933082421991822,-29.129959159099055,-18.64976005537922
2000-09-28,-4.377105178315399,13.846436495443628,-31.038140251668676,-19.81513171857868
2000-09-29,-4.898795998366219,13.788850969991897,-31.815597623246653,-19.49950031423057
2000-09-30,-4.9263708440602265,14.28289007028043,-33.352242024164184,-19.40308980133676
2000-10-01,-5.532974680922047,13.769346190947541,-31.861593249419276,-18.307133845068613
2000-10-02,-5.3382920862193295,12.66736576067061,-32.78433952013609,-15.708368914140879
2000-10-03,-5.707549464936081,13.432117018369476,-33.5193145199218,-15.852621708786875
2000-10-04,-4.207298701772154,13.490712683913266,-33.16609967964542,-14.393046644495142
2000-10-05,-2.9564048158626233,13.957664684392073,-33.357429984602945,-15.026526105705335
2000-10-06,-2.4420810197375635,12.50122637724257,-33.13515317258453,-15.21248008099967
2000-10-07,-2.5507624864651057,12.754794386952561,-34.613565865660284,-13.348202786329734
2000-10-08,-2.1611367805980564,13.21283897485777,-35.78270318304289,-14.117521480241171
2000-10-09,-2.8162917433894976,14.757243045956848,-35.96143729405683,-13.939861136603444
2000-10-10,-3.366753478725081,14.68613566905299,-35.22656442027336,-12.900488524356513
2000-10-11,-3.5313900764472708,14.752326194177604,-35.40791419364731,-12.823960858202637
2000-10-12,-4.186416894360923,13.712568860832075,-34.800914827718955,-12.90941921340204
2000-10-13,-5.197147398025745,14.6816984693464,-33.93398648636736,-12.799295938517636
2000-10-14,-6.293425490998656,16.68191235192161,-32.92223011624682,-12.904307869483883
2000-10-15,-5.604075427267457,18.23828518680688,-32.32588793683624,-13.529303577363876
2000-10-16,-8.225295447391517,17.65089466979438,-32.13420490053754,-14.828762897164957
2000-10-17,-9.589699651577735,18.172024849360877,-31.672566329077608,-15.161284692703205
2000-10-18,-10.167888416224432,17.56971986870018,-31.3928397186839,-16.936855364901056
2000-10-19,-10.10155094879294,17.42955462800758,-30.7997963849105,-19.12857872901416
2000-10-20,-9.879077221088261,19.613399313375524,-30.293007627589343,-18.13607272232714
2000-10-21,-11.510696583813678,17.76092941274269,-31.11752923358661,-17.284723385031253
2000-10-22,-11.100312815524562,17.720642631735647,-31.47035583636866,-18.105406704890484
2000-10-23,-12.937332806642717,16.818289134857885,-30.93729291223148,-18.960170504832853
2000-10-24,-13.80697898113306,16.981365813853568,-31.10723446435836,-19.093555424152026
2000-10-25,-14.471379538186046,14.955653195116145,-32.07629675521266,-20.415952355462114
2000-10-26,-13.979376516600574,13.659047494737543,-31.283357338706796,-20.908027839089932
2000-10-27,-11.271374583187185,15.23029303527145,-31.677065331195482,-20.977299223552173
2000-10-28,-10.674902582594775,14.760095983670267,-31.626703628834356,-21.113672620932427
2000-10-29,-12.265037439910062,15.65201516903669,-29.620496092812242,-20.15996806810838
2000-10-30,-13.53416693300519,13.944734722965478,-28.590921043878325,-19.389720498080138
2000-10-31,-13.844414852151903,13.199236932302624,-27.668514442150045,-18.4323641392499
2000-11-01,-14.739314179505206,13.093796698145848,-26.98928781731867,-18.487892954171368
2000-11-02,-16.731667679527554,13.526411814752041,-28.51184665583375,-20.181375027317948
2000-11-03,-16.464417535290913,13.870733321686561,-28.382277671808293,-18.85049198174112
2000-11-04,-16.053385696900744,15.43414076986032,-27.941554678677626,-20.28510143806188
2000-11-05,-14.989276728482594,15.728154770986173,-28.554135622829225,-20.187202495040925
2000-11-06,-14.410532842125933,16.60772274218377,-28.922989784279707,-19.457375020950813
2000-11-07,-14.90601555123762,15.014826145869112,-29.273731766933775,-18.512215757415536
2000-11-08,-14.147220350208038,16.301835161556053,-27.34659732594654,-17.54659149003172
2000-11-09,-14.02691213224236,16.238707231994187,-26.83628955970823,-17.07088292909121
2000-11-10,-15.14821645894599,16.869444252220887,-26.811761654624103,-15.228595000511811
2000-11-11,-14.181266224171303,16.80481416327126,-26.90290495690602,-15.508388093892256
2000-11-12,-13.146963139500029,15.474148930959542,-27.687667973317794,-16.55123441486911
2000-11-13,-12.701901985226062,15.396318675458529,-26.783506681460246,-16.22724025058119
2000-11-14,-13.466075945068809,16.53169324230578,-26.772077397722857,-15.551160272870398
2000-11-15,-12.786543168869613,16.142905497519692,-26.176270774090252,-14.1934890187649
2000-11-16,-13.3283678939752,16.166149959218878,-25.245516959687773,-15.412428436794801
2000-11-17,-14.532039551981072,17.907097526290876,-26.601911540867242,-15.326788796062344
2000-11-18,-14.783156178472463,17.537933072268057,-25.337855305640222,-16.80790750578558
2000-11-19,-14.309515802515774,17.850772207419833,-25.052263916698152,-16.264125135504056
2000-11-20,-13.912922066998124,18.79188010954329,-23.947901186355683,-15.972922971714066
2000-11-21,-13.90382315812552,18.399009389559918,-23.998424609139207,-16.884671252304503
2000-11-22,-14.661253840637684,19.86552910323869,-24.181959020346888,-18.45588496481006
2000-11-23,-14.966902528552277,20.60622320429349,-24.428334131008043,-16.34989525993038
2000-11-24,-15.225352809515428,20.496178746472978,-23.91123408385995,-17.145990219133775
2000-11-25,-13.934612292168133,20.448390892757963,-23.078684196102905,-14.981149039161153
2000-11-26,-14.479470353715204,19.94163247798173,-22.847188098183604,-13.178044756466328
2000-11-27,-14.389046698699838,21.327641713135133,-22.61852033071872,-13.791674938552738
2000-11-28,-14.792748393026953,20.722640893488432,-21.517876653951188,-17.09302047970132
2000-11-29,-14.87574387430977,21.73426908373191,-23.369315267285312,-19.208496598243933
2000-11-30,-13.502847157635477,22.835000858326325,-24.01443466408166,-19.48286980298432
2000-12-01,-12.362735951370786,23.14158088709829,-23.465154740733972,-19.44530898345817
2000-12-02,-13.937229592825558,22.86329630018005,-21.350754965737245,-20.192012101212697
2000-12-03,-15.00909670802593,22.043454080411923,-20.868006549832373,-21.54276160914007
2000-12-04,-14.82252177635922,21.49255024520988,-20.581586458858112,-23.248802849783484
2000-12-05,-15.466321561794935,22.503107324463652,-19.755410082710313,-22.7983429424811
2000-12-06,-16.33132862777234,26.010665766899727,-18.63155163948343,-21.74049519843368
2000-12-07,-13.294203548262796,27.987286115491603,-18.217348257382202,-22.365746081445625
2000-12-08,-13.874054939959835,30.72646660286257,-18.978902605940817,-23.20898135993434
2000-12-09,-14.91387936095957,31.681906810806765,-20.271414935197782,-23.94614154031584
2000-12-10,-16.23746356856606,31.467470239100614,-21.553528058548377,-25.020463262474408
2000-12-11,-15.74300790257396,31.025306893309242,-20.588001976771658,-25.430018357052088
2000-12-12,-15.596200791769625,32.02231400308264,-18.794421049976904,-24.67930845138507
2000-12-13,-14.644803655743193,31.653324249526996,-19.805708296989838,-23.72615591188719
2000-12-14,-16.94216306820851,31.195304875598797,-20.760449904008293,-25.172577256622503
2000-12-15,-15.752162943013813,31.220527979981085,-21.952204106095643,-26.070415491062374
2000-12-16,-16.035992111564095,30.88058909356373,-20.968105274083108,-27.441960300743084
2000-12-17,-15.913220482646492,31.640609307425517,-21.813004327882734,-25.597963510871036
2000-12-18,-15.639846462032962,30.824937208110917,-23.145442735497802,-24.842014786171703
2000-12-19,-15.905159330704862,30.339013607024405,-22.29683245840813,-23.07738967619195
2000-12-20,-16.064954296714795,29.15968494621907,-21.600375779714362,-22.50303311955587
2000-12-21,-15.225410396155748,30.468328304359968,-21.46708891040465,-20.598089002687377
2000-12-22,-15.009832021119356,30.710470445488085,-21.009702800913615,-19.423534144337367
2000-12-23,-16.669802018219166,31.607155985759707,-17.82388250995486,-20.926829118255636
2000-12-24,-15.673096555457725,31.62373997800447,-16.28480061102347,-20.828109344565345
2000-12-25,-15.106390795192626,30.958901544358294,-15.96747188104381,-20.438923801993454
2000-12-26,-14.394520708227164,31.91927686649188,-16.65580305344354,-21.66857792153977
2000-12-27,-15.23186982375087,32.54732408470216,-17.757109211614104,-22.95518275826268
2000-12-28,-16.36074695482588,32.178311241663295,-14.860920869640232,-22.858001856212066
2000-12-29,-15.083404329386362,31.3961076976987,-16.52467918847017,-21.943910067777896
2000-12-30,-14.974721468226038,31.971894114729356,-18.32201932288207,-22.69143077721186
2000-12-31,-15.560420338840277,33.0729513147149,-18.70152118833872,-24.077457031079074
2001-01-01,-15.354563102319519,31.951944848489376,-18.555848410022683,-22.912509150644244
2001-01-02,-16.279087974693745,31.544898175278156,-19.829009140268564,-23.04854671052448
2001-01-03,-15.284457753625103,30.28824706741847,-18.180743013229097,-22.380190609075026
2001-01-04,-15.049697142484732,30.07150206840236,-18.975252011466587,-21.65320202701681
2001-01-05,-16.17041508438056,31.08281917272406,-16.8162927144194,-21.356199103492035
2001-01-06,-16.37333417126494,30.57550535348091,-17.3132416516768,-21.613416436721565
2001-01-07,-15.39538105531294,29.704901219397865,-17.194164083194185,-21.01223771306255
2001-01-08,-13.824726870584495,29.546750537980188,-17.20176258442532,-20.89798026900169
2001-01-09,-15.677222921222988,29.53463039749364,-14.416421124623126,-21.955595918846992
2001-01-10,-16.40034916088258,30.28418003381603,-15.652825905461416,-22.604386399131254
2001-01-11,-17.044331977133666,31.130085246123105,-15.979082011750629,-20.976981415386373
2001-01-12,-17.441444491251847,32.43482471517096,-16.735345810940725,-18.88576854444268
2001-01-13,-17.100528344107598,33.11780028879766,-16.4450609594494,-20.647612081272477
2001-01-14,-15.83023024471615,32.4681928235993,-14.921854416656863,-22.959298521632586
2001-01-15,-16.841627332340067,31.003493526184343,-15.018567254831643,-21.430383579477418
2001-01-16,-17.309289532781015,31.699485082709586,-15.244900740902915,-21.720448157167446
2001-01-17,-16.024699034047263,31.673338321449755,-15.904007652492174,-21.445007241255333
2001-01-18,-15.210110393057315,31.443041338618603,-16.239026884597372,-20.064362377759867
2001-01-19,-15.697220763281532,32.520478509167354,-15.79833796735381,-19.89188057371398
2001-01-20,-16.28718725240311,32.45179546501349,-14.827247109799229,-18.93460929162307
2001-01-21,-16.5576147877952,33.35692229520215,-14.240660060021636,-19.3290994688978
2001-01-22,-17.48152149876566,32.858167613321065,-14.263917070442998,-20.47583925316969
2001-01-23,-17.188339194598925,33.26346954578732,-15.094527707375756,-19.055103454691473
2001-01-24,-18.176695351562753,32.26147616793013,-16.69013361888246,-20.653091096996622
2001-01-25,-16.960256140263308,31.859217802158565,-15.926436532027292,-22.14529373502375
2001-01-26,-17.103966034556514,30.3313655845688,-14.809268445479512,-20.83565661528225
2001-01-27,-18.81007427255754,31.30293655479777,-13.820313298767747,-19.856997818860037
2001-01-28,-17.304844391462346,31.970215324202965,-13.316204227957208,-19.93495468369932
2001-01-29,-18.155708217240328,32.04432258237725,-12.699963367989739,-20.080285589222985
2001-01-30,-17.7951867079327,31.36055907962034,-13.668966357467768,-19.174387604164057
2001-01-31,-16.272475432767205,30.94460323659126,-12.708180884408232,-18.934751086492085
2001-02-01,-17.08588710439674,32.95307080787415,-13.693461906096848,-18.930807681746582
2001-02-02,-17.436495130927742,33.79062190602083,-13.444517245781094,-19.1904961355826
2001-02-03,-18.910539471761346,34.226076584373025,-14.679792498702893,-19.068029336388268
2001-02-04,-18.402102821755324,32.894090943518925,-14.445814509629521,-19.753809022040613
2001-02-05,-19.58170267333287,33.5350224824512,-13.41513703633102,-19.7864191241495
2001-02-06,-19.31542003902903,31.97711060110561,-12.016520970718283,-20.053235737149556
2001-02-07,-19.27276783199259,31.528883173621992,-12.362040888532906,-21.712820666360578
2001-02-08,-19.540974039985844,30.42077447640472,-11.344773862605031,-21.50855239809114
2001-02-09,-19.841639269709834,29.265330417418706,-11.384596862411064,-19.819134235464446
2001-02-10,-18.7748844312249,30.495124458208952,-13.026908559167632,-20.470024556826928
2001-02-11,-17.93946481953928,30.21680280483017,-13.827371778039966,-20.206018124800494
2001-02-12,-17.978635425741448,29.986663463029277,-13.094802316155512,-21.075181153551817
2001-02-13,-19.264158071393158,29.668296364605904,-12.606004112743111,-22.747310727037327
2001-02-14,-21.1828182758606,30.29980337623902,-12.345645683819438,-22.305766814527203
2001-02-15,-22.807168106600198,31.300799069980094,-14.754850867729456,-19.89082146604854
2001-02-16,-23.688139655641425,30.00306324116805,-14.682236005766999,-19.782754181967633
2001-02-17,-24.07342305653381,29.972242014024403,-14.477358863531496,-20.816050126304244
2001-02-18,-24.679263019448424,30.338257614125713,-13.673899137955642,-21.093147557760936
2001-02-19,-25.132507284979372,31.233735923080392,-13.256518449122124,-22.45130710677505
2001-02-20,-24.49722659871224,30.370933205965365,-13.0683942520453,-23.395674660932492
2001-02-21,-25.703261259450482,30.91486658114962,-12.273263608830362,-23.654750557369642
2001-02-22,-26.34644839839362,31.50668695965971,-12.858069020490088,-23.043452859091452
2001-02-23,-28.635943564477948,32.8406490867435,-10.73669308365755,-22.985374827324026
2001-02-24,-29.654561294614965,31.977302710674678,-12.024963932646704,-21.843466314140848
2001-02-25,-31.43865608643182,31.509464503784535,-11.210074201268315,-21.43931120035364
2001-02-26,-32.13357211572147,31.49958060754547,-12.30911102938422,-19.94248194669188
2001-02-27,-31.868562564000595,29.96690742977082,-12.15427211150622,-19.89518389117857
2001-02-28,-30.627013094782082,30.542632762807546,-12.980556943574827,-19.761578416743667
2001-03-01,-30.104095284496463,30.932259335373477,-12.269290166794827,-19.063206425416933
2001-03-02,-28.861343521072143,32.23095803016276,-10.48922490354075,-19.25459827958527
2001-03-03,-29.187929966244127,31.96852522912703,-10.857615266369837,-19.45388072797522
2001-03-04,-28.9520261850117,32.19280039670232,-10.438164787717836,-19.447795026130503
2001-03-05,-28.59155535449737,32.83283949567611,-10.527624408760554,-19.383917271262977
2001-03-06,-28.658081167369083,31.980919416261642,-11.110910676381941,-18.283589681993945
2001-03-07,-29.27534544412621,31.047933872125796,-12.083755411656854,-18.498886646559285
2001-03-08,-28.20210375087935,30.570611479188134,-12.732716689659906,-17.974388396451506
2001-03-09,-28.13567878977084,31.494768052645668,-13.075559038209558,-18.34879055466713
2001-03-10,-30.495923966475047,32.28683374241667,-11.617485024072746,-18.626376678133603
2001-03-11,-31.24828624540983,31.364811474157396,-12.974669301194615,-18.250546704883877
2001-03-12,-31.308000787812176,32.05679532593252,-13.128236757030566,-18.134468068131202
2001-03-13,-30.15943704248955,32.803371851206,-13.096673586227649,-18.624146369220032
2001-03-14,-31.337442026722627,33.60108888449607,-12.153356397500723,-15.076711380709899
2001-03-15,-31.536059543052065,32.88615334005858,-13.462886309741933,-13.881308573454932
2001-03-16,-30.788827661337056,32.650433856287115,-13.356907840421318,-13.392542289037689
2001-03-17,-27.963253050332824,33.48551454804387,-13.24216478590631,-12.721831971651996
2001-03-18,-27.211733806604062,33.937027279417144,-12.722076818511656,-13.827671456882044
2001-03-19,-27.072377941536022,34.744984354616676,-13.017357302995748,-13.27373141650208
2001-03-20,-26.391703579183226,35.68544882974397,-13.568548584503924,-14.143692557754742
2001-03-21,-27.032087339880555,36.13032053329404,-13.492704423196,-15.918139973893283
2001-03-22,-27.692057055935646,37.85389739926157,-15.286076905843474,-16.713710721672253
2001-03-23,-27.974817784102044,37.090668296379896,-13.648097006616512,-17.77808671177776
2001-03-24,-27.300400127877634,38.00836748020448,-11.145946923047054,-20.008913937020438
2001-03-25,-28.06369177301844,37.82164146928934,-11.061337791774832,-19.6977521943632
2001-03-26,-28.467702756266462,36.53158732266611,-10.705733293470956,-20.744033310260477
2001-03-27,-28.63836262932307,36.0878639328786,-11.058940629425273,-20.4346505808036
2001-03-28,-28.885951623291493,35.34613474630065,-11.299194633167254,-21.534171960045207
2001-03-29,-29.88547698667208,35.05389349445093,-13.485933795945105,-20.797164353310126
2001-03-30,-29.310222862059828,36.56717105598741,-13.8573539749498,-20.76145076433549
2001-03-31,-31.66647490279447,36.47306911114478,-14.095724692386417,-20.90212986184974
2001-04-01,-30.942304406106615,35.92392955282524,-13.51878818423175,-21.815964315542892
2001-04-02,-31.17030479084361,37.62293916597026,-12.02842229400639,-20.381583854805893
2001-04-03,-31.049549644099926,37.031041964084814,-10.94663992981487,-21.061856055128878
2001-04-04,-29.958279745172263,38.856010758463405,-8.760433741330775,-20.384074967855085
2001-04-05,-29.840075297810337,38.40576949703752,-8.064953994168063,-18.430244604410962
2001-04-06,-30.67036074024763,37.098024015611344,-7.816668061670075,-19.833159415375327
2001-04-07,-31.002179451499163,36.44343406412584,-5.917335802636592,-19.901549418920194
2001-04-08,-31.342362586008864,35.33227540756189,-5.6676961328037905,-19.661433799030753
2001-04-09,-31.697896514149498,34.376932721847446,-4.508096900787127,-19.953768342452626
2001-04-10,-32.885955585547855,33.68748601317005,-6.575782367255396,-19.67535404691227
2001-04-11,-31.098347861790295,33.841268480331934,-8.685788915821497,-18.689613369563723
2001-04-12,-32.002986893341976,33.553450071664344,-10.081996203850379,-17.36410588984728
2001-04-13,-29.901711313715566,32.52240743571416,-8.429145088098064,-18.14607677103398
2001-04-14,-29.41942474088292,32.02508291209353,-7.2442966896739085,-18.8610703023874
2001-04-15,-28.23953465592683,32.6362146614513,-7.225830676961738,-20.45383468473235
2001-04-16,-27.312567605260117,32.16199609848152,-6.708806524245543,-21.02343096579323
2001-04-17,-26.910075918693227,32.9740910154341,-6.085077104126664,-21.27395799989132
2001-04-18,-25.133853385894458,33.866571791588086,-5.631194647846126,-19.737378667215705
2001-04-19,-24.284665081191967,34.837627610889996,-7.609036394171508,-19.948773472226137
2001-04-20,-24.102600231627743,35.40599884334175,-7.542382375677229,-19.358508839450238
2001-04-21,-24.09836073627712,35.35960717022653,-9.25372793217957,-21.217678639099972
2001-04-22,-23.857495429047013,35.322954019701626,-8.661713803940081,-22.342228524982843
2001-04-23,-23.811669733023674,36.08831823400156,-9.680442114094344,-21.433966236661007
2001-04-24,-25.44502414640381,35.32466611118619,-9.742209125994648,-22.15090305575392
2001-04-25,-26.402785286816687,34.18720502316125,-10.253678615842595,-22.481309220966157
2001-04-26,-27.646092957547925,34.48060965502353,-10.018952606603706,-22.09485672181562
2001-04-27,-28.450783961297965,34.13719425782223,-11.572130602665586,-21.584008087734947
2001-04-28,-27.772450193951496,32.39008092945317,-12.183822462652362,-22.063728642531125
2001-04-29,-28.36322850938555,33.78434916803958,-12.61209012440736,-20.683912845423038
2001-04-30,-29.05952947642462,33.25521207350753,-10.006634319607887,-20.600146181740108
2001-05-01,-30.307089387641206,32.59968196293515,-9.438604208898733,-21.743357616877006
2001-05-02,-31.68717206703533,32.14608049297454,-8.719387657936855,-23.419122090716616
2001-05-03,-32.19864468023966,32.22048854978838,-7.984986220227385,-23.135059834494356
2001-05-04,-31.50239197963128,32.12423856825289,-8.782451384361739,-24.41520529080916
2001-05-05,-30.586775563694985,32.06324517033837,-10.78378256716244,-23.12817707059586
2001-05-06,-32.23058348791762,32.86798583272316,-11.237631548013482,-21.946844093258406
2001-05-07,-32.225295360648914,34.1108546113632,-12.432015940355836,-23.623813420426796
2001-05-08,-32.07608627614338,35.31789841503357,-11.543201097311274,-23.125214354508486
2001-05-09,-32.41943967790683,35.02023858209042,-12.700777023901505,-23.250921717939214
2001-05-10,-32.53745114820116,35.16670693201991,-12.11006575427981,-23.104109449766547
2001-05-11,-32.0225394869614,35.999600317177624,-12.382925094238148,-23.826195518139322
2001-05-12,-30.602388285288505,36.81972514557273,-12.733691197982491,-24.239804988821447
2001-05-13,-31.807363832275627,38.01937624788147,-14.41985470319332,-24.465815319375682
2001-05-14,-31.031500125441365,37.66913698892357,-14.544990166353461,-23.313386082637024
2001-05-15,-28.74424889183473,37.53814316259242,-15.487628588605567,-22.30221529640966
2001-05-16,-28.89185327936742,36.17191313468834,-15.92539138674445,-22.762718557237946
2001-05-17,-29.781641881364866,35.12435525140004,-14.36285724240508,-23.044060005104868
2001-05-18,-29.700123651179855,35.014284083542805,-13.657929179911841,-22.275155829946577
2001-05-19,-29.741327030290737,35.292886871215906,-12.45873789607358,-22.981548833201458
2001-05-20,-30.6934264638304,35.459645135147966,-11.132163603094972,-23.05675376657317
2001-05-21,-30.305623841439328,34.322492028554144,-11.343410644649708,-24.36485196077135
2001-05-22,-29.56288562535131,33.77396505061202,-10.654817125129554,-24.577281644783355
2001-05-23,-27.961827162720517,34.650383244750365,-12.19215606808597,-25.045885884616492
2001-05-24,-27.948300058822365,34.281257953119876,-12.59837441334835,-26.21870745582359
2001-05-25,-27.41777307149329,34.329111670500126,-12.499079692530952,-29.463890108027826
2001-05-26,-26.152622500778055,34.905580803781554,-13.184719648407336,-29.226083670533765
2001-05-27,-24.642169127841328,33.716684422116785,-13.552826018799037,-30.234944682806844
2001-05-28,-25.51759202461245,32.333329361542745,-13.22528896422256,-29.25477294749752
2001-05-29,-25.766311145953217,31.58421547567484,-10.467333844918823,-27.444916842926535
2001-05-30,-23.617131516200278,31.456478048944504,-10.848508296948989,-28.137872067744624
2001-05-31,-22.585748268032525,30.79201443874266,-9.891710665326928,-29.744171188036496
2001-06-01,-21.69779718622032,30.22812427708281,-9.654458523347357,-28.52046333006308
2001-06-02,-22.42190724082261,31.281261173685152,-10.050093973483282,-27.353163152339263
2001-06-03,-23.077469235081004,31.31290937418127,-10.805753190626916,-27.21237420319545
2001-06-04,-22.16601861582224,31.787163334363797,-10.15924900180079,-26.80830793436757
2001-06-05,-22.323197927089286,32.438619702254705,-10.771071059950502,-29.63933653402683
2001-06-06,-21.68465393072518,32.03977629447738,-11.359301590207455,-28.610706611645327
2001-06-07,-21.331599842801854,31.996171395875503,-10.04157087724146,-25.626955403125343
2001-06-08,-22.92761802009287,31.329085402525255,-10.514816358995397,-26.512880299229465
2001-06-09,-22.421004358142806,31.5639651533777,-11.880575674485456,-26.202578751793595
2001-06-10,-22.5986197367577,32.872808708876164,-12.536501200366715,-24.646250608801793
2001-06-11,-24.11699049206798,34.64312596626777,-12.972952793838441,-25.410757497401196
2001-06-12,-25.65230933882072,32.38211238773059,-13.282634888838315,-26.548472194515746
2001-06-13,-25.544884320239184,32.82622810953399,-14.143244569170557,-25.715916650753652
2001-06-14,-26.808688184574745,32.83348295591232,-14.631457260485714,-26.27642358466814
2001-06-15,-28.825067705846664,30.720603341345395,-16.023085831244444,-26.744096159899005
2001-06-16,-28.882535438311326,30.73712734362294,-16.644554963950064,-25.64409551572379
2001-06-17,-27.89608697013132,29.71361728147877,-16.42008730672038,-24.175134132161286
2001-06-18,-27.427825091475103,28.723366288521014,-17.01553558317088,-24.428112396087904
2001-06-19,-26.560061527178235,28.790308634846,-16.197458963366586,-25.449463361569418
2001-06-20,-25.73870290092533,28.92016640673602,-16.698723897017043,-26.849204036621522
2001-06-21,-24.04454616412467,28.200063612951844,-14.395822850923707,-25.304230152525374
2001-06-22,-24.57240524887049,27.549527482090202,-14.764265929245322,-22.62092641476339
2001-06-23,-24.245479935699034,26.704053724116097,-14.668823406991486,-22.386373960236746
2001-06-24,-25.483531805220682,26.926819608940765,-14.679738688368246,-22.54811726204557
2001-06-25,-24.608671474112036,28.50665864742687,-13.25435050397706,-22.355517223008118
2001-06-26,-24.76581890400044,29.69477561611272,-13.331364242390093,-20.25777344593811
2001-06-27,-23.957458660093202,29.94975808395196,-13.416351043094869,-20.298210669903753
2001-06-28,-24.82540026507232,29.271882764240154,-13.611011027118705,-20.34672402836606
2001-06-29,-24.594723636012823,28.129459400169228,-14.182312133399815,-21.482039493529104
2001-06-30,-26.09173110289655,27.300933847100175,-16.861851861358453,-21.750832338194268
2001-07-01,-27.51851130188682,27.78597573174023,-15.792041902083122,-21.02431237812624
2001-07-02,-27.584516042720466,27.230660157330036,-15.693274900975219,-21.01943882832487
2001-07-03,-28.083546832353182,26.112015102385048,-17.4389664922605,-21.231686867902148
2001-07-04,-27.05742420978112,25.72119803358121,-17.236004395174795,-20.535164217215762
2001-07-05,-26.14319202819474,25.80488771075545,-19.118922413276067,-21.335102635976053
2001-07-06,-27.212246473775934,25.443375121001516,-20.931134477694183,-22.065165247956806
2001-07-07,-28.200725335961057,26.24914867050648,-22.515990110693135,-23.76393269421278
2001-07-08,-26.67233496172479,25.023258324292406,-20.305933627960215,-22.64699608319608
2001-07-09,-26.2720073916412,25.02717247470162,-21.25824600175343,-22.877572574237778
2001-07-10,-26.36656758775383,24.842213458603066,-22.185769766348468,-22.967270204378245
2001-07-11,-28.07507795540852,25.060643250387372,-22.364582792757435,-24.780931439609812
2001-07-12,-28.00422105957253,23.03697711339586,-21.952553452005386,-25.30230522866454
2001-07-13,-29.15422373346891,22.89871245995063,-21.71964643402733,-26.449241084884306
2001-07-14,-30.980766222470645,22.569045079177783,-21.72794572686511,-26.94247753887756
2001-07-15,-32.91724082144011,23.57794094173336,-20.42806641581412,-27.553380407551465
2001-07-16,-32.68255304072064,23.634132737490535,-20.390806136794147,-28.41995642140777
2001-07-17,-33.448327611260254,25.035877827807717,-20.170872804793127,-27.635387748587352
2001-07-18,-32.908517659306284,25.897149246604872,-21.83743882670265,-27.54901206038217
2001-07-19,-32.33398740808007,28.110822233545175,-23.234499603921087,-28.545309332690163
2001-07-20,-33.70760228246273,30.65789234146709,-22.7865134562273,-28.14844413501584
2001-07-21,-32.010035418707616,30.612214430992154,-21.88713370329456,-28.600196373281864
2001-07-22,-32.77214363555702,29.57826262906487,-21.669472517166636,-29.122778341691305
2001-07-23,-32.00439863188799,29.09909156942796,-22.43766671847378,-29.416491839854636
2001-07-24,-33.32793028268494,28.331895636300253,-21.24224097093139,-29.597014636529696
2001-07-25,-34.706182901556176,28.830897814036426,-22.2704050166233,-30.1534653203325
2001-07-26,-35.1757174811372,30.551611527827262,-20.427489777694003,-29.73281433112397
2001-07-27,-34.78674639141709,29.802333127746454,-20.119215251574413,-28.72103778466588
2001-07-28,-34.53036517317363,31.0678694606024,-19.859709428402493,-28.3231657114001
2001-07-29,-33.88546369714831,29.654108119867566,-19.769551269500802,-29.109750539374723
2001-07-30,-32.18226495729867,29.944741203576456,-19.88433115441203,-30.055252165964536
2001-07-31,-33.815684002178756,29.057774186805972,-18.708123269591688,-28.48851061676697
2001-08-01,-34.31209313235176,29.636410205841557,-20.618879342309597,-29.021966375589606
2001-08-02,-36.317264819630545,27.933703158962707,-20.0832070410176,-29.171941874419574
2001-08-03,-37.48223225236109,27.397158526131342,-19.119060584139,-27.972152837087915
2001-08-04,-37.51766452444239,29.036601410470958,-21.312863636181813,-26.770260576969378
2001-08-05,-38.19769856060504,28.609679340849745,-23.084487173481552,-24.959200746927607
2001-08-06,-38.198451079887754,26.812956869086126,-24.025932324975486,-25.6876822418493
2001-08-07,-39.346192260273575,26.363427203478814,-24.705545813615334,-25.875274783238606
2001-08-08,-39.201403985898494,26.276736431494385,-24.65418291705171,-25.695801435504404
2001-08-09,-38.97780328795709,26.996537704975328,-25.315748690266034,-26.944870482883225
2001-08-10,-38.740294151634764,25.12965709986488,-24.764287751630224,-25.877036643080782
2001-08-11,-37.93411485443597,24.008069475820555,-26.043216149102992,-26.017156161440983
2001-08-12,-37.960006940979504,24.32752496631212,-26.350688507729057,-28.18159452773251
2001-08-13,-38.506235978102254,23.24022804751783,-27.48713786726185,-29.088761563105955
2001-08-14,-39.81503228781137,24.63162534027967,-28.179930760443828,-27.466826247576144
2001-08-15,-40.44409287322122,25.387176220285006,-28.163395011685882,-27.299373283968652
2001-08-16,-40.850904799886045,25.914524752815375,-28.038575540386056,-28.048821960667954
2001-08-17,-42.44991078881984,25.041053806787723,-26.174101739177363,-28.39757752854432
2001-08-18,-41.39909459863357,25.375335297754283,-24.872001614544065,-30.379057683511316
2001-08-19,-40.413330523712354,24.14777639180642,-26.27562823593454,-31.322860775440915
2001-08-20,-41.26801630746256,24.561865732821648,-28.055509467460002,-32.00226221389096
2001-08-21,-42.33830334009232,23.816520249992085,-27.753513571622435,-31.612887764779316
2001-08-22,-43.551998932154675,23.935017062365123,-26.548115104917613,-33.158126190591034
2001-08-23,-43.27006322116226,22.13266905557356,-24.14091883736354,-34.32309861215946
2001-08-24,-40.03279083227804,22.736377244654506,-21.935927725751622,-34.29671678616596
2001-08-25,-40.85104281508796,21.439140865660153,-20.699096421444402,-34.09427972729875
2001-08-26,-39.365489660194235,20.944286326594693,-21.229868245790932,-33.461344848291404
2001-08-27,-41.2255619649136,20.151755318068236,-21.342208627560424,-32.54225266125424
2001-08-28,-41.518062970933855,17.290638180622196,-21.51311028711113,-34.87283727821856
2001-08-29,-42.28491334898503,17.78572701591215,-22.380680285499313,-34.1823999458353
2001-08-30,-43.59518913874338,18.166498263867627,-21.407711990046245,-33.30152159664718
2001-08-31,-43.86025530478444,18.44873950875617,-20.764029077082263,-32.847623129535314
2001-09-01,-43.60140793130787,19.008541794073878,-20.177117830158494,-30.35338445329052
2001-09-02,-42.755968630488994,18.83826085617763,-18.877798029330418,-29.18348286324275
2001-09-03,-41.786205742342965,17.658962577490286,-19.54266002316611,-28.45716624685414
2001-09-04,-41.421932706048544,18.413544617763538,-17.55942655945029,-28.57475087852979
2001-09-05,-40.65508219765475,17.560838997454685,-17.174130173676797,-28.49647003076176
2001-09-06,-40.98602697296617,17.274836172117162,-16.56978071760119,-29.071070493091554
2001-09-07,-43.850715239909555,15.756640559140628,-16.223970946294344,-30.1186304774441
2001-09-08,-44.177519202063785,16.746705545831354,-17.499550525454573,-28.729284370698476
2001-09-09,-46.83988001170581,17.230205439069156,-17.299666350785554,-28.58826770055007
2001-09-10,-47.40406578741948,15.736546819274833,-16.582270154218577,-27.54696853944125
2001-09-11,-49.08948684647567,14.760257984315553,-16.529575572487328,-28.47154016928414
2001-09-12,-49.65546292367288,14.702602865103122,-15.923812042799447,-27.957435845501465
2001-09-13,-49.821890790354594,15.089041027165978,-14.89085012853913,-28.81251148147779
2001-09-14,-51.952192224657196,14.620657678969412,-15.516554936549987,-29.278353737814044
2001-09-15,-51.29603318141258,14.874776130790664,-15.43768133202374,-30.275893581845526
2001-09-16,-52.338284448644266,14.889198826977706,-13.617412891751522,-29.310489311204776
2001-09-17,-51.362181983373304,14.22903256408472,-12.8499814919455,-30.286007174721508
2001-09-18,-51.386433159152624,15.207840132320896,-12.598081528217232,-30.343398097881455
2001-09-19,-52.66639924956616,16.25401260232049,-11.174263814334344,-30.80166656973504
2001-09-20,-53.325048845868174,16.39030575167413,-12.373429830595958,-31.74488550976459
2001-09-21,-54.82957715337404,16.548396281576384,-11.957896131801213,-30.86363580123628
2001-09-22,-55.88591290476871,17.422976021048004,-12.981786559145798,-31.1975126877583
2001-09-23,-55.05768249224428,18.582511719490462,-13.698320764449637,-30.1850674829852
2001-09-24,-54.45691184596895,20.368543284383858,-12.716068585282947,-29.080850623975273
2001-09-25,-54.43776953226399,18.46305435778625,-12.407150350258487,-28.034519243073216
2001-09-26,-54.05247032150759,19.18380682246972,-12.843071008413492,-27.338700022504938
2001-09-27,-52.839261432639866,20.344626357418065,-11.161841385162953,-25.46376299106003
2001-09-28,-52.88611280220058,20.004927429625443,-11.974620826526083,-25.532515117100193
2001-09-29,-53.07517769571639,22.892970826990975,-10.754881671342059,-25.914054983194674
2001-09-30,-53.682232841936546,21.93033852450054,-10.003751813286355,-24.444268658147763
2001-10-01,-52.32116951902536,20.24127643986467,-10.990333659401426,-23.218303508803203
2001-10-02,-51.12836019236442,20.65453407395917,-9.962557829801787,-24.25444499762374
2001-10-03,-50.79851777471722,19.41417992763924,-7.783086147388797,-26.100697622587937
2001-10-04,-51.58048931574922,19.551927626898646,-7.567611143973034,-26.724224323795074
2001-10-05,-51.85833507053709,19.458386467178343,-6.655522069540315,-25.72603234312278
2001-10-06,-52.43277862640347,20.803036163876918,-6.458443567545389,-26.370007609831568
2001-10-07,-51.2906643172856,20.68474280337629,-5.4568117387081285,-27.550973417348946
2001-10-08,-50.301210893865495,19.68089165411528,-5.356434387447401,-28.019763587789303
2001-10-09,-51.34881100522776,18.839472803935283,-5.400017779930835,-28.748826388599277
2001-10-10,-49.70494613554822,18.95440806588803,-6.069300164468207,-30.77405447957101
2001-10-11,-48.61690090111246,18.61640378995866,-5.871806130656242,-29.314939482774953
2001-10-12,-48.75078842515943,19.0956028394177,-7.260353477652311,-28.703175136524592
2001-10-13,-49.69780783718459,18.594107431636278,-7.117302588642114,-28.05082944888462
2001-10-14,-49.81879474714209,18.57019956485908,-8.816910135054384,-29.035806747125097
2001-10-15,-48.94920581613275,18.371383188357967,-9.232534560347348,-29.016065935992298
2001-10-16,-48.04233966381791,19.677806838488713,-10.16832393555047,-30.326851552298738
2001-10-17,-47.00583060225414,19.934150444478497,-8.998241387753252,-30.535432368735496
2001-10-18,-47.76820626704741,19.277315985458074,-8.930988520665643,-30.1183081532078
2001-10-19,-49.09146187427285,19.924847400135178,-10.256977990121268,-29.60609380359956
2001-10-20,-48.38153013937165,20.092184243343084,-10.491453020606036,-29.718620081912114
2001-10-21,-48.16100129104211,19.954216556790485,-9.205987749116682,-28.38359482167212
2001-10-22,-47.86227257094972,19.301612216879608,-10.705078938390946,-28.541537117567383
2001-10-23,-46.74271363585651,19.94193934970991,-9.831222240091314,-28.00931825527146
2001-10-24,-47.37605977010126,19.786272754524113,-10.544506493405793,-27.442300170758067
2001-10-25,-45.98796372767405,18.135713907028077,-12.10867096449974,-27.54764457635472
2001-10-26,-46.24966627489893,18.273854283218757,-11.644260616178384,-28.099909463883648
2001-10-27,-48.28475589032032,18.432734999552288,-13.581174678621466,-27.324729716492136
2001-10-28,-49.05490293843555,17.749170074776938,-14.072052877188302,-26.215691494012493
2001-10-29,-48.00320783650864,15.987310677907526,-13.77319892240817,-26.97603562037565
2001-10-30,-48.40763433661403,15.617201266908388,-14.338838989697102,-27.47955821070764
2001-10-31,-48.53371129426637,14.970613857669681,-13.087264538506483,-28.24147327590036
2001-11-01,-48.349940124733834,16.40155959147898,-12.913300708149466,-28.647420633751867
2001-11-02,-47.84951246694793,16.743577986926425,-10.975777903565064,-28.920577252357365
2001-11-03,-48.136277368879156,16.59066895961598,-10.53761765885507,-29.14678188265789
2001-11-04,-49.26303048846937,15.223007343042068,-10.688038899671106,-26.995492428485356
2001-11-05,-49.31979102377303,14.834429268904273,-9.367805127624388,-28.838166885366654
2001-11-06,-49.32672450306232,14.177460913632636,-9.264229365706392,-28.77957564104934
2001-11-07,-48.56761680723093,14.692529497268717,-9.187957921990286,-27.91515386847419
2001-11-08,-47.26417559377175,12.900561092593112,-9.844222498584152,-27.40856823021692
2001-11-09,-46.76925705004241,12.72073457036698,-9.043804341222595,-28.779690121866803
2001-11-10,-46.74317677875281,11.202836350542533,-8.237607240900912,-29.774270767573594
2001-11-11,-46.58559747371066,11.658606962811517,-8.66006245023977,-28.42874666431936
2001-11-12,-46.56269091182564,11.96070547752092,-7.975573715532211,-30.6524539397417
2001-11-13,-46.65695276956115,11.946823920161709,-7.909303282677763,-28.802033670519222
2001-11-14,-46.02054920545716,11.552545366049452,-5.671857578031826,-28.240029194022394
2001-11-15,-46.432280393234464,10.806778564339078,-5.935435764477419,-28.242795988401056
2001-11-16,-47.62998612808262,11.045019324121018,-7.05535520149418,-29.57434557478405
2001-11-17,-46.92716377516873,10.45519131972756,-6.5748042725642595,-29.22522820159853
2001-11-18,-47.05134135810873,9.37266354403024,-5.82301009174388,-29.678991082404803
2001-11-19,-48.15170149371469,9.154708530145287,-4.421496989702993,-29.245495812045174
2001-11-20,-45.696941175730764,8.971892144717016,-4.746901002498795,-29.76552060718442
2001-11-21,-45.221573060362786,11.048734756785981,-5.656546823977349,-30.644359971003762
2001-11-22,-44.989321553103025,11.952878654136237,-5.115780894471401,-30.134138613393976
2001-11-23,-44.49284281343208,10.536254840851548,-6.00452655073685,-29.980089573604545
2001-11-24,-43.57247123354456,10.735472922177497,-5.1034739549499255,-30.281191349007646
2001-11-25,-42.69704347426407,11.875136486023889,-5.301589609182284,-30.585767119581696
2001-11-26,-42.24291785395189,10.596065200138023,-5.171065211151852,-30.479579964508
2001-11-27,-43.25503835084633,10.961867251632826,-6.177582767457645,-31.265284660600873
2001-11-28,-43.64047040485209,11.836631070492627,-5.850299530348226,-30.69927753713568
2001-11-29,-42.92076563994029,11.611345677601504,-4.873579671864693,-30.587904629602846
2001-11-30,-42.92132959548125,10.31531906261229,-6.090377060828288,-30.752610911880424
2001-12-01,-43.5875346481148,9.186135822785708,-6.8035347441154945,-29.67981727405904
2001-12-02,-43.94983113193277,11.095694317981009,-6.141047937705062,-29.56420151351363
2001-12-03,-43.55054937378972,10.23094946501347,-5.586286580697027,-30.082639040726246
2001-12-04,-44.38999561521603,10.600555024031182,-5.237311718204444,-28.258954362338777
2001-12-05,-44.380857319388255,11.211472793557961,-2.165618772981684,-29.720182909285548
2001-12-06,-43.92366048639709,11.008138609881318,-1.6235007969586586,-31.44876367818061
2001-12-07,-46.52647524135544,10.693389327671117,-2.0159995465948053,-30.76889048766207
2001-12-08,-47.87192749652127,11.450747673464196,-1.941148196767368,-30.87454734011342
2001-12-09,-46.68637684333084,12.673842940241437,-2.129971627517157,-30.235496618091652
2001-12-10,-46.287888429400034,11.695837218708235,-1.7666565114857815,-29.724803177106445
2001-12-11,-47.30820425221516,11.007368434578094,-1.3696082894295791,-28.44255613763808
2001-12-12,-45.880839961139486,11.422087352662922,-2.872514089643941,-30.01975259663258
2001-12-13,-45.63638062939415,11.814688060509466,-2.094149392904281,-28.330958206228313
2001-12-14,-45.34175095841853,11.460643933409496,-1.312421621619063,-28.436693113189243
2001-12-15,-44.675022538238785,11.18949293048537,-2.3604310768274477,-29.341329170737673
2001-12-16,-45.14875417713245,10.599985251508244,-2.3363680259688766,-28.88295182414986
2001-12-17,-45.44853320383617,10.41428730233947,-2.9285109811184133,-30.048401763348
2001-12-18,-45.82904218658249,9.54898339031996,-2.272502368152992,-29.42724659304691
2001-12-19,-44.395445338708605,9.747497401755512,-2.3964002834360656,-31.48929715038749
2001-12-20,-44.654583579893384,10.49685780616453,-0.9229946978553181,-30.65485780232354
2001-12-21,-45.45199951518003,10.817341515763585,-0.378294185890366,-30.307949904160516
2001-12-22,-46.27761789247347,9.945113780937199,1.427470580445632,-29.7646738267166
2001-12-23,-46.493300525913625,9.648441455440807,1.1964974244183249,-30.443863118627466
2001-12-24,-48.13498486829839,11.086313095304437,1.5065815141969365,-30.64631969211161
2001-12-25,-47.96562807071006,11.587395895491182,3.2595616292793768,-31.202984538006294
2001-12-26,-47.782796496264375,12.650844949711319,1.8046728627674948,-30.193812515289366
2001-12-27,-47.80246857523036,12.41725498258526,1.4079589263579222,-30.877583498356408
2001-12-28,-48.39645276134804,10.729958956366062,1.9277052063596,-30.434791584696665
2001-12-29,-49.37993900524525,11.021018756991003,1.2798123987378842,-28.882885433417744
2001-12-30,-50.39117838138704,10.167879384574025,2.5212651146846605,-28.05809800514766
2001-12-31,-49.72828345618733,11.168280542406242,1.6055652689094104,-28.315515531006785
2002-01-01,-51.15368753317408,10.287926896278272,1.825166239020589,-28.83778097079217
2002-01-02,-52.0503685036553,11.113155302398877,0.6317854336261854,-28.678104645178063
2002-01-03,-52.056627112204524,8.466394247245315,-0.19812833354245063,-26.871488653409095
2002-01-04,-52.41667031433412,9.524307130036817,1.8109300404793887,-27.54994408371196
2002-01-05,-52.26212344064418,11.184946284408724,1.3983613577130853,-27.692713503090086
2002-01-06,-52.25491374357569,11.401605814264036,0.14983989940398357,-28.86884315772663
2002-01-07,-52.020521135216896,12.927593843580423,2.7637047746763326,-28.62396980269304
2002-01-08,-53.357950727058,12.755142995706661,3.3159666021795196,-30.033336873225547
2002-01-09,-53.603377540330236,14.03092208689322,4.68011674129864,-29.275470443345274
2002-01-10,-53.394808159888484,13.141995523241498,3.4379218982060733,-28.508181230942885
2002-01-11,-52.236278032689874,12.528447776241707,2.8064639294448916,-29.071692517505532
2002-01-12,-52.45844137991309,12.294962683555365,2.1882194872765193,-31.05070442368411
2002-01-13,-53.59108530467882,13.697409677059014,1.3371918090956814,-30.833850556687487
2002-01-14,-54.51830318169512,12.862655118116958,0.3372713618588926,-31.87463715314256
2002-01-15,-54.75841028109155,12.381595409603019,-1.8374596842781044,-33.401947431437115
2002-01-16,-55.53228330454159,14.184328774620152,-4.465926100812453,-33.87951855036741
2002-01-17,-55.205630037360976,13.904343381379636,-4.486823395942285,-32.58793747686311
2002-01-18,-56.260037153776075,14.238908097626245,-3.2760773100802028,-31.708190449416126
2002-01-19,-56.186197231704796,14.901209171962291,-2.0587449139616103,-31.195588558210154
2002-01-20,-57.43604650706071,14.541423475071937,-1.7907344024577556,-32.26336081375839
2002-01-21,-57.758006496679215,13.60277925923868,-2.1352545145235515,-33.34926645262377
2002-01-22,-57.031519435477406,12.605966187702832,-2.5325240560905082,-33.51655374457697
2002-01-23,-55.280404278360685,12.458131835889832,-2.4468890860043753,-34.389215762888945
2002-01-24,-51.92454513144584,11.241539662281516,-2.2479330439183025,-33.32810796743092
2002-01-25,-52.308968858345956,11.58467689567128,-1.1553758686201705,-32.613718737806764
2002-01-26,-54.10114433132058,10.846558885972335,-0.8415283230990876,-33.68512007514708
2002-01-27,-54.57238940585768,9.761002819780929,-0.6178157913180194,-33.934108841561695
2002-01-28,-54.74432813400678,9.521266428762893,-0.4330028535969923,-33.64699899248159
2002-01-29,-55.245698066243406,11.696545984716312,-1.6781561012032151,-34.582806534023135
2002-01-30,-54.88036380444654,12.856502518833626,-2.196948649776882,-35.589061823835344
2002-01-31,-55.310106019314055,12.450939828015578,-2.625744184573867,-35.21397261822935
2002-02-01,-55.28634783980618,11.442479285827503,-1.152633247683305,-35.43313168188417
2002-02-02,-54.20058753082815,11.736264894080396,-0.6046348868200894,-36.01700583328409
2002-02-03,-55.0866656859236,10.09948474097166,-0.29560455125433316,-32.14365453691126
2002-02-04,-54.42857052379475,8.828497768900972,-0.8138502067130163,-31.196619486038617
2002-02-05,-53.02748481568486,9.659359834539634,-2.104024298487569,-31.63670415295981
2002-02-06,-53.28879403214951,11.034788658902322,-1.9745843924779225,-30.814586376206133
2002-02-07,-53.04618481041678,10.745760554824848,-2.469547953843864,-31.149315627561837
2002-02-08,-52.995240595980725,10.593051598010744,-2.6233637405366146,-29.75119684269629
2002-02-09,-53.46924400435177,11.414544803410081,-2.9764463154929803,-31.267085667592514
2002-02-10,-52.26788235557095,11.418593273041889,-4.539655385050493,-29.003694744717414
2002-02-11,-53.03135538505691,10.804896051787226,-2.561352622504839,-28.3406704301335
2002-02-12,-53.31469051151533,11.685353941016984,-3.3152803350969813,-27.530748538361884
2002-02-13,-51.82288173745931,11.970990141542098,-3.3154254132613583,-27.260847360791814
2002-02-14,-50.82539886151537,10.158855839834668,-3.0859857687698735,-27.835130355770467
2002-02-15,-49.932045535555126,11.245784940418813,-2.5643353678721583,-27.4291453851784
2002-02-16,-49.8788862706251,10.74195438030811,-2.854280702687124,-26.976983806796266
2002-02-17,-49.633323022222065,10.808270068916443,-2.9549663811266482,-25.263592752785595
2002-02-18,-49.692109987619446,11.48481987185517,-3.024537276993342,-26.06736747267697
2002-02-19,-51.59797658291467,12.40565715585565,-1.563631482663458,-26.153622988276943
2002-02-20,-50.017197989805524,14.818485085038086,-1.9219718446681162,-26.14150906205722
2002-02-21,-50.33041647017033,15.139364754748348,-2.637177947731535,-26.830459771539232
2002-02-22,-51.09369616926911,16.14824053057409,-2.3154233830156854,-26.599181074125053
2002-02-23,-51.59616935661531,17.12773088942252,-1.8638671623150098,-25.990626829467995
2002-02-24,-52.117603201038655,17.61583907456904,-0.5820641643468634,-25.000460084099224
2002-02-25,-53.564736729474404,17.17918707249988,-0.3651514089024813,-24.826464142471018
2002-02-26,-52.935816661068074,17.621215729469444,0.18776707730383102,-24.139896066023773
2002-02-27,-52.08915691967806,17.64563267094618,-0.4745087605245861,-24.074044670608636
2002-02-28,-50.11021804207562,17.35932529313584,-0.6169413023749435,-24.558170624527765
2002-03-01,-50.55688478951864,18.47456237501851,1.1730083972682606,-24.056276987525
2002-03-02,-48.493228529877236,19.24245635703498,0.1578855845735041,-24.130039591174274
2002-03-03,-49.892119417246064,20.204287592341196,-0.09596249346823726,-22.170424598489426
2002-03-04,-50.21852138508783,19.600814621796523,-0.1908523582947863,-20.697710838465657
2002-03-05,-50.10241222276723,19.846692455578523,0.691774470336127,-22.528825806273595
2002-03-06,-50.291665286035254,19.811324961856,0.1460729947349887,-22.80764914682739
2002-03-07,-50.80115361338996,18.88568534225185,-0.2228656645868608,-23.575712123711806
2002-03-08,-50.259032669865825,20.252171531740323,0.12738726377007725,-21.94188191918661
2002-03-09,-48.89347708367235,20.851837057857725,0.5066401577899389,-22.127302806306552
2002-03-10,-49.20695919695457,19.7613068878123,0.09990113707493142,-22.22986252869406
2002-03-11,-50.42466224278191,21.694335654302602,-0.27100711393035115,-21.93019619709956
2002-03-12,-53.007964562605956,21.137295344479806,0.6128768023292518,-22.311730970483257
2002-03-13,-53.33452963872325,22.192479322377224,0.6715201077036109,-21.716767700069155
2002-03-14,-53.89346992637873,23.173634640582918,1.407694940709671,-21.415595210299532
2002-03-15,-53.21930237758522,23.870081795629233,0.5007327450621173,-21.070043446554966
2002-03-16,-52.75392335939263,23.90054569001891,1.382042970509668,-21.644296949591716
2002-03-17,-53.48927289396069,24.11399104044716,0.5752281462946055,-20.964300565688124
2002-03-18,-53.5891046976783,23.50977815004035,0.2027880063306513,-21.849209100985878
2002-03-19,-55.50550014192604,23.720883641490015,0.11386278674112081,-21.11934494557292
2002-03-20,-55.005000138774534,23.474182108217086,0.8421864989551173,-20.000402155490047
2002-03-21,-53.52821393483387,24.162312839114666,0.8737473829012646,-21.4029450945108
2002-03-22,-54.47644174517943,24.91936382326212,-0.837113616195413,-21.2707800276697
2002-03-23,-55.671303916843,24.553013986194877,-0.060898678233052506,-21.79702342619896
2002-03-24,-55.466743617682454,26.839985354013006,1.04819203382665,-21.95012319157229
2002-03-25,-57.46399193084322,27.759829023366166,1.8684327048316969,-25.39194079983303
2002-03-26,-57.635812374903445,29.779466488222454,3.664514062412957,-26.145987693803104
2002-03-27,-58.90170908059834,30.95146567896987,3.098162569477901,-25.466051647847635
2002-03-28,-60.07984089060283,29.428117549497113,4.326881228639123,-24.198169841013083
2002-03-29,-60.081765713666606,30.302198518047838,7.409123504269249,-23.703248961440718
2002-03-30,-61.14305022259215,28.53953601044456,6.800350017854566,-25.419025080790703
2002-03-31,-60.787084449295975,27.314145843294867,7.586048868856394,-27.04182990497672
2002-04-01,-60.28538870657525,28.25078152776549,8.888423160055048,-26.049816019600332
2002-04-02,-57.86054589968665,25.507467195386482,8.8008540597522,-26.291506842681237
2002-04-03,-57.81659673344075,26.571194481758177,9.800139574516196,-26.655207116156102
2002-04-04,-57.21850460512159,27.150969455993028,12.436144540631805,-25.7250311017997
2002-04-05,-56.173045126694234,28.171163578167008,11.643504742153215,-25.305426442089036
2002-04-06,-56.878875436983634,28.06907036570185,11.54211479891761,-25.49691519731822
2002-04-07,-56.83490868968776,28.533579549118368,11.976282127929348,-27.447386276506645
2002-04-08,-55.19840183744689,29.99608628156613,13.952376296511336,-27.635443570673537
2002-04-09,-55.15163677596603,29.9609336256768,14.14868184711614,-28.102126594275372
2002-04-10,-54.865308979195454,29.08030837123062,15.250492193044703,-27.742045632669925
2002-04-11,-55.48092179293841,29.45799995543598,15.148356537858376,-27.076467915562446
2002-04-12,-54.88171937181248,31.29402303556485,16.016239638384615,-26.55579011523607
2002-04-13,-54.07538384084111,31.309277982927167,18.155933448596556,-26.900246821638373
2002-04-14,-53.57972569238846,31.453661695995905,18.034012761268542,-26.974126417273776
2002-04-15,-52.932754261451706,30.567459128361122,20.249144138860633,-27.820893374813366
2002-04-16,-54.40880748577497,28.47246913662443,21.194247416441762,-28.40755187634494
2002-04-17,-52.99127291878194,27.506663927904473,22.65588532051983,-30.09333328087222
2002-04-18,-51.80784663575363,26.984716697043794,23.60646161574963,-29.66723681484703
2002-04-19,-52.70119806047025,27.761276541477905,23.75594074686769,-29.881357325824112
2002-04-20,-53.42749613643522,27.647228332170336,23.216719774296102,-29.05373049160567
2002-04-21,-53.140278585867335,27.393435154277004,23.149920484662474,-29.82349336857788
2002-04-22,-53.88039367318174,27.124351678284974,23.788987952972267,-32.36394423156929
2002-04-23,-53.01195339256509,28.55902665008401,23.32418005549034,-31.67505754178206
2002-04-24,-52.24586198689482,28.987860229955437,23.269194618363052,-32.35785341583006
2002-04-25,-52.524871733783804,29.83591218538957,23.914510173213017,-30.827617198434876
2002-04-26,-50.03187911969427,29.084388951665936,24.01654229354313,-31.181913326918195
2002-04-27,-50.39342953433526,28.454904489560406,22.536759358303616,-29.810168336770023
2002-04-28,-49.09198887919523,30.28955985750067,24.193083089386537,-28.86654533287757
2002-04-29,-49.29255475135719,30.151516332989182,24.5855302361988,-27.94990639331418
2002-04-30,-47.45656279937745,30.79181675568227,24.266411239523098,-29.573636830426587
2002-05-01,-45.709875067389056,30.671090255171965,23.61389689974064,-28.472675355601485
2002-05-02,-45.73379742084518,30.71703097586275,25.190922253144947,-30.14916613169501
2002-05-03,-45.680926974980366,31.575255703989107,24.795416128048622,-30.725346021330527
2002-05-04,-45.40175631514082,31.03816124970445,23.85729187287031,-32.07725372610135
2002-05-05,-43.65456494441537,30.991923235735687,24.3323218905442,-32.702386432792395
2002-05-06,-44.345101725079765,31.722476282722305,24.006367205557954,-33.47716142529705
2002-05-07,-44.56874059262389,32.80092656645278,22.876001497245845,-34.4899923929366
2002-05-08,-44.23557367541304,33.77915611700562,22.87654709235849,-34.08192968476768
2002-05-09,-45.396069194755576,34.23761044847417,23.622320237179352,-33.85113095480188
2002-05-10,-44.927086797912544,34.70256796002457,23.31454546629906,-34.91112856066196
2002-05-11,-44.20764927862621,34.89212437936978,23.66343489948136,-35.69118134250054
2002-05-12,-44.49555282556093,36.595556048173066,22.870362481160345,-36.86396022835328
2002-05-13,-42.94733182755444,37.792195800603224,22.926039243721164,-37.606130194134295
2002-05-14,-45.21973199947827,38.33600882928427,22.21229492701756,-38.36357006273401
2002-05-15,-45.059699506950054,39.335188007684984,22.116376837290616,-37.33533498160548
2002-05-16,-45.139687047417134,40.37180730166008,22.958798673238917,-37.068578149208996
2002-05-17,-44.82834685972471,40.848974010814175,21.78241632363865,-37.861148439170336
2002-05-18,-44.48560698802791,40.906287447325106,22.446228616614146,-36.29976420203667
2002-05-19,-45.728007469133374,41.472656841660594,23.03287618765108,-37.596483791931554
2002-05-20,-45.936206897167594,40.429854437244344,23.38876683696373,-37.45018163705999
2002-05-21,-45.73308782004237,40.69202634164455,24.334516205692783,-37.46517147392965
2002-05-22,-45.145671095207874,39.07521686671804,23.057799970954004,-36.22822710893553
2002-05-23,-45.09688920381,39.56865026385895,22.587546141292957,-36.141069565698935
2002-05-24,-45.75895486110697,40.40310288650232,23.372576916124224,-36.42826219412615
2002-05-25,-45.284889379201445,39.479836660212634,23.767529049106223,-36.15001375193353
2002-05-26,-45.72690757155105,38.56238543399277,21.6617270518895,-35.160758653557465
2002-05-27,-44.384518909128076,38.73772831939456,19.782292316418687,-33.88985916189772
2002-05-28,-43.95201427713681,38.225381663646836,19.328568009512693,-34.639768649417825
2002-05-29,-45.924786468300326,38.15942361608942,21.940592112533672,-34.63161602776704
2002-05-30,-46.09538068302564,39.3081034349915,18.741179290633923,-35.88466588588505
2002-05-31,-46.04277246166975,38.87234721179948,19.279951938666784,-35.06852504125173
2002-06-01,-47.17372281827429,38.177216149402824,18.562863069285832,-35.509140200692215
2002-06-02,-48.011702664744384,38.552383642137954,17.587890341933775,-36.13822777756947
2002-06-03,-49.34966155005783,38.73290502586943,16.2038007647888,-37.8102728432842
2002-06-04,-50.63587050693426,39.4839487028292,17.152028528602052,-36.63778151134977
2002-06-05,-48.72574845770791,38.600651857776825,17.958952951957848,-37.6428858104205
2002-06-06,-47.90615606876975,38.05859762487952,16.993147711744253,-35.80921342872402
2002-06-07,-48.768237329134784,37.94736234205763,16.83194055716481,-37.41433107999239
2002-06-08,-47.479607368671005,37.86546611485914,16.99728924821044,-39.653499830757575
2002-06-09,-45.6923230571696,38.908574313509014,16.773370294138616,-39.531797038650325
2002-06-10,-43.98547702771627,37.1471584952814,16.713638687628606,-39.169774525394736
2002-06-11,-42.61424796625585,37.37583157561857,16.853747763256674,-38.05856482980402
2002-06-12,-44.31296013505961,36.258618009404394,16.16239956134363,-37.925300070459684
2002-06-13,-43.855889539981476,36.131231015311705,16.32964804391275,-37.30841428228068
2002-06-14,-43.530142813078,34.41014095885416,15.710450968752582,-36.49120825724847
2002-06-15,-43.986933900979004,34.730151214196354,14.545601167795475,-37.012054360575725
2002-06-16,-43.83813250010469,33.808566358285546,14.360522543054751,-37.8925363200893
2002-06-17,-44.53793909134784,34.96149353014673,13.96333531916087,-36.594739829939726
2002-06-18,-45.53685381591426,35.1520148482222,14.329125167181344,-35.33538812132313
2002-06-19,-44.78892465466011,36.90521645613894,14.45703846512331,-35.142867344123445
2002-06-20,-44.68702234272743,36.26532730258202,14.381007620582174,-34.69299687095216
2002-06-21,-44.609783714369755,35.636046441646535,14.829513042019938,-33.1118032227659
2002-06-22,-44.79487844905283,37.03627014264058,14.195599646798811,-34.199668265491965
2002-06-23,-43.63696244338803,40.54619191535847,13.873932328438856,-34.780977143738895
2002-06-24,-44.87634810674402,39.51613022788869,14.825106262530191,-35.27341374155752
2002-06-25,-44.640821844740486,38.94883556928818,14.236840612514742,-34.97171546089737
2002-06-26,-46.349403753369465,38.71960493016189,15.013581942022503,-37.07882219839232
2002-06-27,-45.93932992470279,39.17227139659498,14.433400920248245,-36.066144279179376
2002-06-28,-45.32019444072598,40.692150380049576,14.520749061437527,-36.47602207347735
2002-06-29,-45.73910201785051,40.673159390443786,14.99099631947767,-35.86564735330418
2002-06-30,-46.0411242038263,40.90462679770493,16.552915896239046,-34.9215134742651
2002-07-01,-47.95688816484914,40.063369143915494,16.438921788224913,-33.257384139078546
2002-07-02,-49.0038485980544,39.4062379740416,15.357393141380454,-34.449755183202306
2002-07-03,-48.92180238357596,40.1490504990925,13.960632796188367,-33.7506323748319
2002-07-04,-48.80776931994331,41.323077276956646,14.788656103026042,-32.55536971710172
2002-07-05,-48.033965942688226,41.14591335488502,13.766649653135248,-34.44221039258296
2002-07-06,-48.214963890729344,40.026576797593115,12.980299070176278,-33.80226710563256
2002-07-07,-48.80834696392677,40.59015089637179,14.029204569464808,-32.94449368730594
2002-07-08,-48.800806569683665,40.12030638698236,14.3502851467137,-32.150604306377346
2002-07-09,-46.938659545082615,40.36526447956442,14.232940578991709,-33.50767954044341
2002-07-10,-46.95368982009191,41.39705212414445,15.254120285093181,-33.011173836666
2002-07-11,-46.804990729986514,40.55690018252621,14.576231975762386,-32.5391388050123
2002-07-12,-47.477119932582944,40.60596454053538,13.179143821507017,-30.712817222888265
2002-07-13,-47.00455285851756,40.72080904173386,13.934239108886512,-31.37354152074254
2002-07-14,-48.503671810044,40.94382350472803,13.31575216568579,-32.37843439003765
2002-07-15,-48.8297190985283,40.84018855871783,11.761944734045555,-33.89819714966583
2002-07-16,-48.540877442266506,42.36920544219345,11.761159210917503,-33.894823867729606
2002-07-17,-48.00314003347712,41.802283324458536,12.056190599780653,-34.63955213982706
2002-07-18,-48.92263698156602,43.24021942602912,12.76592724693458,-34.18493289713593
2002-07-19,-48.79001245761271,42.90781328704951,11.55636935591961,-33.982025908481525
2002-07-20,-47.67121654046835,43.24915386741092,11.828262181947501,-33.61426289040549
2002-07-21,-46.35816567222743,44.71095166435422,10.263645150571417,-33.09064167712101
2002-07-22,-46.25584484188535,45.506140174256345,9.336372895290571,-33.0773157816374
2002-07-23,-46.62223258875495,45.835939827446154,8.474148690530042,-33.05808077275671
2002-07-24,-47.47561438917557,44.28661608212981,11.021820141970453,-32.11969942941046
2002-07-25,-47.826462118938984,44.82852811871276,12.247192634602898,-32.057517987869716
2002-07-26,-47.488537121795325,45.11251947325745,13.625303252289536,-31.639062678182988
2002-07-27,-47.72339162702449,45.12213888203369,12.854416137303893,-32.0683113457984
2002-07-28,-46.611125958280226,47.316849319227025,14.242338137770956,-31.73435099562502
2002-07-29,-45.73891597522409,47.569839275782506,14.404819596354097,-31.45723625325215
2002-07-30,-45.31022302154101,47.35751141982675,12.764941028353736,-31.965790324304812
2002-07-31,-45.01244881022352,47.38215703589044,11.495690525263235,-32.14547302956107
2002-08-01,-44.97343430862101,48.36320333847628,12.91531041178808,-32.839470991376494
2002-08-02,-46.03099174516484,47.351718094542115,11.919888184596106,-32.27700178044042
2002-08-03,-45.815182523084864,47.651807786177955,12.531736191118162,-30.772267020788515
2002-08-04,-45.018414830067634,47.3521303763859,15.38256430910635,-31.3076386762763
2002-08-05,-46.11487974942656,45.45579870980785,15.590152290621054,-30.25860192846913
2002-08-06,-46.39704720697856,44.27793924386597,15.606720475871757,-28.080320849300684
2002-08-07,-47.38922236180307,44.84969578616595,15.077696637642791,-28.3450697543577
2002-08-08,-47.77236812660432,46.64935850180696,13.60421509056179,-27.784367594794627
2002-08-09,-47.88970017044394,47.44141075610861,12.45898773766999,-29.148975155214906
2002-08-10,-46.66302301551786,47.352882467814204,12.789569122913777,-29.172300294840603
2002-08-11,-46.46161172252022,48.340454933206225,15.162203420614446,-28.1888098658797
2002-08-12,-46.31178885995597,47.98181504297332,16.851083771528934,-28.2862957728082
2002-08-13,-45.95804101655433,48.10279248699299,15.1626349941521,-26.67627371254239
2002-08-14,-45.49486264511203,47.33237685197244,17.008445037293253,-26.958228678823673
2002-08-15,-45.84251494287601,46.78449358373678,17.081546756392644,-27.224041661156157
2002-08-16,-45.59700310776038,47.14300264708303,18.742575658886977,-26.60407908615844
2002-08-17,-45.51385293288636,47.6375074502043,20.45404955388714,-27.35079775197292
2002-08-18,-44.98397391151173,46.65928721768387,21.316605148352668,-27.234476242159815
2002-08-19,-43.9827161825568,48.92293927267215,21.346830976125304,-27.237725927023643
2002-08-20,-44.84396999552035,49.035767842132735,20.069415756683398,-25.45242040024718
2002-08-21,-45.90044790684177,49.26575325973744,21.719236024330986,-23.290177351059555
2002-08-22,-46.22475026508821,48.104536998407305,23.702272598966623,-22.71698929439544
2002-08-23,-44.530345366557626,48.700555566879174,25.265738220221692,-23.02721762123281
2002-08-24,-44.03299790610495,48.4573705558024,23.778258402574014,-24.419488069993402
2002-08-25,-43.586692467056174,49.95576764483856,24.596261429090557,-22.915635485046177
2002-08-26,-44.247858193697404,49.52733659857155,23.01483215187698,-22.589673482220334
2002-08-27,-44.17482093783028,48.57404289114813,22.579659043892015,-22.52004790408044
2002-08-28,-43.51801529434539,47.53765573021295,23.67176245865827,-20.13712217937759
2002-08-29,-43.836814531351095,46.99308471915588,23.345877730695147,-21.19677714538499
2002-08-30,-45.723362704379255,49.610571490499616,22.551321021719925,-21.54173253058414
2002-08-31,-45.78640542111583,50.043637318963476,20.11324376417272,-25.383690801156014
2002-09-01,-46.658567615567335,50.52864801761635,20.499666994077515,-26.129092236976415
2002-09-02,-47.756382627470906,50.224847256968616,20.322421154712387,-25.097678710116792
2002-09-03,-48.46248969573674,48.784193509224885,19.456956951319615,-26.47818600147544
2002-09-04,-48.87167304127083,51.18794034312162,20.613587922478697,-26.607810094118324
2002-09-05,-47.78401224300511,50.43119523500204,21.46413647031953,-26.94272387021095
2002-09-06,-48.7159735048139,50.318926837039434,20.3471267222118,-26.3372830587353
2002-09-07,-46.814461039543154,48.63442092072569,21.433636274773608,-28.144305670688112
2002-09-08,-47.201824087960276,50.46397259275427,20.37156100466698,-28.10647153819517
2002-09-09,-46.182765537433646,49.45425377179895,19.884988864778457,-27.349644116984965
2002-09-10,-46.69143597306466,49.16588006926612,19.924743502113383,-26.79891667308053
2002-09-11,-47.60629069157765,47.55203428886942,18.736249900311474,-27.425599762338805
2002-09-12,-47.35115045084689,46.48679516249142,19.256649610122356,-26.74232134699737
2002-09-13,-46.593236030366626,47.225019728110844,18.629731525204146,-27.003323192884263
2002-09-14,-44.663335474555005,46.00539647176219,20.3282040550923,-27.91421622876623
2002-09-15,-45.25300114995006,46.46290070817804,19.972509736120372,-25.4625019198636
2002-09-16,-44.202813322424724,47.64472028791274,21.68273700494114,-24.912800877410337
2002-09-17,-45.72891583101456,47.412715679379225,21.586851596419713,-23.894691352069565
2002-09-18,-47.16807291950523,47.78241341580114,21.7270472657433,-25.822374164538115
2002-09-19,-46.82924606951987,49.18564506256399,19.79329390837185,-25.48389327488071
2002-09-20,-47.19648395722627,49.73138101350091,20.343955219083306,-26.3013862314625
2002-09-21,-47.72448370446156,49.18464423763661,20.614045015810756,-25.23576385273159
2002-09-22,-48.73238239644175,50.24478268315193,19.407227120385468,-25.308344277767915
2002-09-23,-48.532314007044555,51.481709424481956,21.697924917389408,-25.96545387519101
2002-09-24,-49.83064744604715,52.11236820179617,22.364451341514773,-26.90460781696126
2002-09-25,-49.88043433910394,52.873624888977176,22.110954961663133,-28.439250162096858
2002-09-26,-49.95048127962095,53.186436809560895,21.354430642886637,-29.281240631003335
